{
    "logPrior": [
        -2.20727491,
        -0.11653382
    ],
    "nonhomo_class": {
        "mean": [
            [
                0.030518004368667064,
                0.001946384074909133,
                0.001797711767915316
            ],
            [
                0.08203092328225317,
                0.004623149459830333,
                0.004365227596970293
            ],
            [
                0.4677519557932609,
                0.026820529103423283,
                0.024979059397764392
            ]
        ],
        "sigma": [
            [
                [
                    0.0006776608883587564,
                    9.539014474107398e-06,
                    9.962931491532639e-06
                ],
                [
                    9.539014474107398e-06,
                    8.88545785217867e-06,
                    5.105889895663399e-06
                ],
                [
                    9.962931491532639e-06,
                    5.105889895663399e-06,
                    7.75040353354754e-06
                ]
            ],
            [
                [
                    0.0031764699639304753,
                    7.827889134248444e-05,
                    8.893462071277836e-05
                ],
                [
                    7.827889134248444e-05,
                    3.638211987059383e-05,
                    2.3225999431307257e-05
                ],
                [
                    8.893462071277836e-05,
                    2.3225999431307257e-05,
                    3.459693355950162e-05
                ]
            ],
            [
                [
                    0.1448723759103226,
                    0.0022674229112042087,
                    0.0026291745646469513
                ],
                [
                    0.0022674229112042087,
                    0.00158121991891894,
                    0.0009107981216382668
                ],
                [
                    0.0026291745646469513,
                    0.0009107981216382668,
                    0.0013449011874187653
                ]
            ]
        ]
    },
    "homo_class": {
        "mean": [
            [
                0.0020427843026193772,
                0.000670262302657268,
                0.000736089394369254
            ],
            [
                0.004606355160498756,
                0.001708065560544672,
                0.0018812888199428131
            ],
            [
                0.016044280945251455,
                0.006039388370210219,
                0.006749921390882028
            ]
        ],
        "sigma": [
            [
                [
                    6.501512414918811e-06,
                    1.0859097278645382e-06,
                    1.3612736105250677e-06
                ],
                [
                    1.0859097278645382e-06,
                    1.6240760090745848e-06,
                    1.3538618847071513e-06
                ],
                [
                    1.3612736105250677e-06,
                    1.3538618847071513e-06,
                    2.0697116964836972e-06
                ]
            ],
            [
                [
                    2.4326329589752636e-05,
                    3.906876201475438e-06,
                    5.214509895083818e-06
                ],
                [
                    3.906876201475438e-06,
                    5.7732532838462625e-06,
                    4.921788140471583e-06
                ],
                [
                    5.214509895083818e-06,
                    4.921788140471583e-06,
                    7.621294415971049e-06
                ]
            ],
            [
                [
                    0.00035873148645782226,
                    4.1021494310790304e-05,
                    6.121303617951663e-05
                ],
                [
                    4.1021494310790304e-05,
                    8.28335820367911e-05,
                    4.3511735930047564e-05
                ],
                [
                    6.121303617951663e-05,
                    4.3511735930047564e-05,
                    0.00010878027769935885
                ]
            ]
        ]
    }
}